Model,Feature Set,Task,Fold,Best Params
Logistic Regression,Base (4),Attack Detection,0,"{'model__C': 0.01, 'model__class_weight': 'balanced', 'model__penalty': 'l2'}"
Logistic Regression,Base (4),Attack Detection,1,"{'model__C': 1, 'model__class_weight': 'balanced', 'model__penalty': 'l1'}"
Logistic Regression,Base (4),Attack Detection,2,"{'model__C': 0.1, 'model__class_weight': 'balanced', 'model__penalty': 'l1'}"
Logistic Regression,Base (4),Attack Detection,3,"{'model__C': 0.01, 'model__class_weight': 'balanced', 'model__penalty': 'l2'}"
Logistic Regression,Base (4),Attack Detection,4,"{'model__C': 0.1, 'model__class_weight': 'balanced', 'model__penalty': 'l1'}"
Logistic Regression,Base (4),Attack Detection,5,"{'model__C': 0.1, 'model__class_weight': 'balanced', 'model__penalty': 'l1'}"
SVM (RBF),Base (4),Attack Detection,0,"{'model__C': 100, 'model__gamma': 0.1}"
SVM (RBF),Base (4),Attack Detection,1,"{'model__C': 10, 'model__gamma': 0.01}"
SVM (RBF),Base (4),Attack Detection,2,"{'model__C': 100, 'model__gamma': 0.001}"
SVM (RBF),Base (4),Attack Detection,3,"{'model__C': 1000, 'model__gamma': 0.01}"
SVM (RBF),Base (4),Attack Detection,4,"{'model__C': 1, 'model__gamma': 0.1}"
SVM (RBF),Base (4),Attack Detection,5,"{'model__C': 1, 'model__gamma': 1}"
KNN,Base (4),Attack Detection,0,"{'model__metric': 'manhattan', 'model__n_neighbors': 5, 'model__weights': 'distance'}"
KNN,Base (4),Attack Detection,1,"{'model__metric': 'manhattan', 'model__n_neighbors': 13, 'model__weights': 'distance'}"
KNN,Base (4),Attack Detection,2,"{'model__metric': 'manhattan', 'model__n_neighbors': 6, 'model__weights': 'distance'}"
KNN,Base (4),Attack Detection,3,"{'model__metric': 'manhattan', 'model__n_neighbors': 13, 'model__weights': 'distance'}"
KNN,Base (4),Attack Detection,4,"{'model__metric': 'manhattan', 'model__n_neighbors': 9, 'model__weights': 'distance'}"
KNN,Base (4),Attack Detection,5,"{'model__metric': 'manhattan', 'model__n_neighbors': 7, 'model__weights': 'distance'}"
Decision Tree,Base (4),Attack Detection,0,"{'criterion': 'gini', 'max_depth': 3, 'min_samples_leaf': 5, 'min_samples_split': 20}"
Decision Tree,Base (4),Attack Detection,1,"{'criterion': 'gini', 'max_depth': 5, 'min_samples_leaf': 1, 'min_samples_split': 10}"
Decision Tree,Base (4),Attack Detection,2,"{'criterion': 'gini', 'max_depth': 5, 'min_samples_leaf': 2, 'min_samples_split': 2}"
Decision Tree,Base (4),Attack Detection,3,"{'criterion': 'entropy', 'max_depth': 5, 'min_samples_leaf': 5, 'min_samples_split': 2}"
Decision Tree,Base (4),Attack Detection,4,"{'criterion': 'gini', 'max_depth': 5, 'min_samples_leaf': 1, 'min_samples_split': 5}"
Decision Tree,Base (4),Attack Detection,5,"{'criterion': 'gini', 'max_depth': 3, 'min_samples_leaf': 5, 'min_samples_split': 2}"
Random Forest,Base (4),Attack Detection,0,"{'max_depth': None, 'max_features': 'sqrt', 'min_samples_leaf': 2, 'n_estimators': 100}"
Random Forest,Base (4),Attack Detection,1,"{'max_depth': None, 'max_features': 'sqrt', 'min_samples_leaf': 4, 'n_estimators': 300}"
Random Forest,Base (4),Attack Detection,2,"{'max_depth': None, 'max_features': 'sqrt', 'min_samples_leaf': 2, 'n_estimators': 100}"
Random Forest,Base (4),Attack Detection,3,"{'max_depth': None, 'max_features': 'sqrt', 'min_samples_leaf': 4, 'n_estimators': 200}"
Random Forest,Base (4),Attack Detection,4,"{'max_depth': None, 'max_features': 'sqrt', 'min_samples_leaf': 2, 'n_estimators': 100}"
Random Forest,Base (4),Attack Detection,5,"{'max_depth': None, 'max_features': 'sqrt', 'min_samples_leaf': 4, 'n_estimators': 300}"
Extra Trees,Base (4),Attack Detection,0,"{'max_depth': None, 'max_features': 'sqrt', 'min_samples_leaf': 2, 'n_estimators': 100}"
Extra Trees,Base (4),Attack Detection,1,"{'max_depth': None, 'max_features': 'sqrt', 'min_samples_leaf': 4, 'n_estimators': 200}"
Extra Trees,Base (4),Attack Detection,2,"{'max_depth': None, 'max_features': 'sqrt', 'min_samples_leaf': 2, 'n_estimators': 100}"
Extra Trees,Base (4),Attack Detection,3,"{'max_depth': 10, 'max_features': 'sqrt', 'min_samples_leaf': 4, 'n_estimators': 200}"
Extra Trees,Base (4),Attack Detection,4,"{'max_depth': 10, 'max_features': 'sqrt', 'min_samples_leaf': 4, 'n_estimators': 100}"
Extra Trees,Base (4),Attack Detection,5,"{'max_depth': None, 'max_features': 'sqrt', 'min_samples_leaf': 4, 'n_estimators': 100}"
XGBoost,Base (4),Attack Detection,0,"{'subsample': 0.8, 'n_estimators': 100, 'max_depth': 5, 'learning_rate': 0.1}"
XGBoost,Base (4),Attack Detection,1,"{'subsample': 1.0, 'n_estimators': 100, 'max_depth': 3, 'learning_rate': 0.1}"
XGBoost,Base (4),Attack Detection,2,"{'subsample': 0.8, 'n_estimators': 300, 'max_depth': 7, 'learning_rate': 0.01}"
XGBoost,Base (4),Attack Detection,3,"{'subsample': 1.0, 'n_estimators': 300, 'max_depth': 7, 'learning_rate': 0.01}"
XGBoost,Base (4),Attack Detection,4,"{'subsample': 0.8, 'n_estimators': 300, 'max_depth': 3, 'learning_rate': 0.01}"
XGBoost,Base (4),Attack Detection,5,"{'subsample': 0.8, 'n_estimators': 300, 'max_depth': 3, 'learning_rate': 0.01}"
LightGBM,Base (4),Attack Detection,0,"{'num_leaves': 63, 'n_estimators': 300, 'max_depth': 5, 'learning_rate': 0.01}"
LightGBM,Base (4),Attack Detection,1,"{'num_leaves': 31, 'n_estimators': 200, 'max_depth': -1, 'learning_rate': 0.01}"
LightGBM,Base (4),Attack Detection,2,"{'num_leaves': 15, 'n_estimators': 100, 'max_depth': -1, 'learning_rate': 0.1}"
LightGBM,Base (4),Attack Detection,3,"{'num_leaves': 63, 'n_estimators': 100, 'max_depth': 3, 'learning_rate': 0.3}"
LightGBM,Base (4),Attack Detection,4,"{'num_leaves': 63, 'n_estimators': 200, 'max_depth': -1, 'learning_rate': 0.3}"
LightGBM,Base (4),Attack Detection,5,"{'num_leaves': 15, 'n_estimators': 100, 'max_depth': -1, 'learning_rate': 0.01}"
CatBoost,Base (4),Attack Detection,0,"{'n_estimators': 100, 'max_depth': 7, 'learning_rate': 0.01, 'l2_leaf_reg': 3}"
CatBoost,Base (4),Attack Detection,1,"{'n_estimators': 100, 'max_depth': 3, 'learning_rate': 0.01, 'l2_leaf_reg': 3}"
CatBoost,Base (4),Attack Detection,2,"{'n_estimators': 100, 'max_depth': 3, 'learning_rate': 0.1, 'l2_leaf_reg': 1}"
CatBoost,Base (4),Attack Detection,3,"{'n_estimators': 100, 'max_depth': 9, 'learning_rate': 0.3, 'l2_leaf_reg': 3}"
CatBoost,Base (4),Attack Detection,4,"{'n_estimators': 300, 'max_depth': 3, 'learning_rate': 0.3, 'l2_leaf_reg': 1}"
CatBoost,Base (4),Attack Detection,5,"{'n_estimators': 100, 'max_depth': 7, 'learning_rate': 0.01, 'l2_leaf_reg': 3}"
Logistic Regression,Base (4),Point Prediction,0,"{'model__C': 1, 'model__class_weight': None, 'model__penalty': 'l2'}"
Logistic Regression,Base (4),Point Prediction,1,"{'model__C': 1, 'model__class_weight': 'balanced', 'model__penalty': 'l2'}"
Logistic Regression,Base (4),Point Prediction,2,"{'model__C': 1, 'model__class_weight': 'balanced', 'model__penalty': 'l2'}"
Logistic Regression,Base (4),Point Prediction,3,"{'model__C': 1, 'model__class_weight': None, 'model__penalty': 'l1'}"
Logistic Regression,Base (4),Point Prediction,4,"{'model__C': 10, 'model__class_weight': None, 'model__penalty': 'l2'}"
Logistic Regression,Base (4),Point Prediction,5,"{'model__C': 10, 'model__class_weight': None, 'model__penalty': 'l1'}"
SVM (RBF),Base (4),Point Prediction,0,"{'model__C': 10, 'model__gamma': 0.1}"
SVM (RBF),Base (4),Point Prediction,1,"{'model__C': 10, 'model__gamma': 0.1}"
SVM (RBF),Base (4),Point Prediction,2,"{'model__C': 0.1, 'model__gamma': 'scale'}"
SVM (RBF),Base (4),Point Prediction,3,"{'model__C': 10, 'model__gamma': 0.01}"
SVM (RBF),Base (4),Point Prediction,4,"{'model__C': 1000, 'model__gamma': 0.01}"
SVM (RBF),Base (4),Point Prediction,5,"{'model__C': 1, 'model__gamma': 0.1}"
KNN,Base (4),Point Prediction,0,"{'model__metric': 'euclidean', 'model__n_neighbors': 8, 'model__weights': 'uniform'}"
KNN,Base (4),Point Prediction,1,"{'model__metric': 'euclidean', 'model__n_neighbors': 20, 'model__weights': 'uniform'}"
KNN,Base (4),Point Prediction,2,"{'model__metric': 'euclidean', 'model__n_neighbors': 23, 'model__weights': 'uniform'}"
KNN,Base (4),Point Prediction,3,"{'model__metric': 'chebyshev', 'model__n_neighbors': 9, 'model__weights': 'uniform'}"
KNN,Base (4),Point Prediction,4,"{'model__metric': 'euclidean', 'model__n_neighbors': 25, 'model__weights': 'distance'}"
KNN,Base (4),Point Prediction,5,"{'model__metric': 'euclidean', 'model__n_neighbors': 21, 'model__weights': 'distance'}"
Decision Tree,Base (4),Point Prediction,0,"{'criterion': 'entropy', 'max_depth': 15, 'min_samples_leaf': 1, 'min_samples_split': 2}"
Decision Tree,Base (4),Point Prediction,1,"{'criterion': 'entropy', 'max_depth': 5, 'min_samples_leaf': 2, 'min_samples_split': 2}"
Decision Tree,Base (4),Point Prediction,2,"{'criterion': 'entropy', 'max_depth': 8, 'min_samples_leaf': 1, 'min_samples_split': 10}"
Decision Tree,Base (4),Point Prediction,3,"{'criterion': 'entropy', 'max_depth': 8, 'min_samples_leaf': 1, 'min_samples_split': 5}"
Decision Tree,Base (4),Point Prediction,4,"{'criterion': 'gini', 'max_depth': 15, 'min_samples_leaf': 1, 'min_samples_split': 2}"
Decision Tree,Base (4),Point Prediction,5,"{'criterion': 'entropy', 'max_depth': 15, 'min_samples_leaf': 2, 'min_samples_split': 2}"
Random Forest,Base (4),Point Prediction,0,"{'max_depth': None, 'max_features': 'sqrt', 'min_samples_leaf': 2, 'n_estimators': 100}"
Random Forest,Base (4),Point Prediction,1,"{'max_depth': None, 'max_features': 'sqrt', 'min_samples_leaf': 2, 'n_estimators': 300}"
Random Forest,Base (4),Point Prediction,2,"{'max_depth': 10, 'max_features': 'sqrt', 'min_samples_leaf': 1, 'n_estimators': 100}"
Random Forest,Base (4),Point Prediction,3,"{'max_depth': None, 'max_features': 'sqrt', 'min_samples_leaf': 1, 'n_estimators': 300}"
Random Forest,Base (4),Point Prediction,4,"{'max_depth': None, 'max_features': 'sqrt', 'min_samples_leaf': 1, 'n_estimators': 100}"
Random Forest,Base (4),Point Prediction,5,"{'max_depth': None, 'max_features': 'sqrt', 'min_samples_leaf': 2, 'n_estimators': 200}"
Extra Trees,Base (4),Point Prediction,0,"{'max_depth': 10, 'max_features': 'sqrt', 'min_samples_leaf': 1, 'n_estimators': 100}"
Extra Trees,Base (4),Point Prediction,1,"{'max_depth': None, 'max_features': 'sqrt', 'min_samples_leaf': 2, 'n_estimators': 100}"
Extra Trees,Base (4),Point Prediction,2,"{'max_depth': 10, 'max_features': 'sqrt', 'min_samples_leaf': 1, 'n_estimators': 100}"
Extra Trees,Base (4),Point Prediction,3,"{'max_depth': None, 'max_features': 'sqrt', 'min_samples_leaf': 4, 'n_estimators': 300}"
Extra Trees,Base (4),Point Prediction,4,"{'max_depth': 10, 'max_features': 'sqrt', 'min_samples_leaf': 2, 'n_estimators': 300}"
Extra Trees,Base (4),Point Prediction,5,"{'max_depth': 10, 'max_features': 'sqrt', 'min_samples_leaf': 1, 'n_estimators': 300}"
XGBoost,Base (4),Point Prediction,0,"{'subsample': 0.8, 'n_estimators': 100, 'max_depth': 7, 'learning_rate': 0.3}"
XGBoost,Base (4),Point Prediction,1,"{'subsample': 0.8, 'n_estimators': 300, 'max_depth': 7, 'learning_rate': 0.1}"
XGBoost,Base (4),Point Prediction,2,"{'subsample': 0.8, 'n_estimators': 100, 'max_depth': 7, 'learning_rate': 0.3}"
XGBoost,Base (4),Point Prediction,3,"{'subsample': 0.8, 'n_estimators': 300, 'max_depth': 7, 'learning_rate': 0.1}"
XGBoost,Base (4),Point Prediction,4,"{'subsample': 0.8, 'n_estimators': 200, 'max_depth': 5, 'learning_rate': 0.1}"
XGBoost,Base (4),Point Prediction,5,"{'subsample': 0.8, 'n_estimators': 200, 'max_depth': 5, 'learning_rate': 0.3}"
LightGBM,Base (4),Point Prediction,0,"{'num_leaves': 63, 'n_estimators': 200, 'max_depth': -1, 'learning_rate': 0.3}"
LightGBM,Base (4),Point Prediction,1,"{'num_leaves': 31, 'n_estimators': 300, 'max_depth': 7, 'learning_rate': 0.3}"
LightGBM,Base (4),Point Prediction,2,"{'num_leaves': 15, 'n_estimators': 300, 'max_depth': 7, 'learning_rate': 0.1}"
LightGBM,Base (4),Point Prediction,3,"{'num_leaves': 63, 'n_estimators': 200, 'max_depth': -1, 'learning_rate': 0.3}"
LightGBM,Base (4),Point Prediction,4,"{'num_leaves': 31, 'n_estimators': 300, 'max_depth': 7, 'learning_rate': 0.3}"
LightGBM,Base (4),Point Prediction,5,"{'num_leaves': 31, 'n_estimators': 300, 'max_depth': -1, 'learning_rate': 0.3}"
CatBoost,Base (4),Point Prediction,0,"{'n_estimators': 300, 'max_depth': 7, 'learning_rate': 0.1, 'l2_leaf_reg': 3}"
CatBoost,Base (4),Point Prediction,1,"{'n_estimators': 100, 'max_depth': 3, 'learning_rate': 0.1, 'l2_leaf_reg': 1}"
CatBoost,Base (4),Point Prediction,2,"{'n_estimators': 100, 'max_depth': 9, 'learning_rate': 0.01, 'l2_leaf_reg': 3}"
CatBoost,Base (4),Point Prediction,3,"{'n_estimators': 100, 'max_depth': 7, 'learning_rate': 0.1, 'l2_leaf_reg': 1}"
CatBoost,Base (4),Point Prediction,4,"{'n_estimators': 100, 'max_depth': 3, 'learning_rate': 0.1, 'l2_leaf_reg': 1}"
CatBoost,Base (4),Point Prediction,5,"{'n_estimators': 100, 'max_depth': 5, 'learning_rate': 0.1, 'l2_leaf_reg': 1}"
Logistic Regression,Base (4),Antenna Prediction,0,"{'model__C': 0.1, 'model__class_weight': None, 'model__penalty': 'l1'}"
Logistic Regression,Base (4),Antenna Prediction,1,"{'model__C': 1, 'model__class_weight': 'balanced', 'model__penalty': 'l1'}"
Logistic Regression,Base (4),Antenna Prediction,2,"{'model__C': 1, 'model__class_weight': 'balanced', 'model__penalty': 'l2'}"
Logistic Regression,Base (4),Antenna Prediction,3,"{'model__C': 0.1, 'model__class_weight': None, 'model__penalty': 'l2'}"
Logistic Regression,Base (4),Antenna Prediction,4,"{'model__C': 0.1, 'model__class_weight': None, 'model__penalty': 'l2'}"
Logistic Regression,Base (4),Antenna Prediction,5,"{'model__C': 0.1, 'model__class_weight': 'balanced', 'model__penalty': 'l2'}"
Logistic Regression,Base (4),Antenna Prediction,6,"{'model__C': 0.1, 'model__class_weight': None, 'model__penalty': 'l2'}"
Logistic Regression,Base (4),Antenna Prediction,7,"{'model__C': 0.1, 'model__class_weight': None, 'model__penalty': 'l2'}"
SVM (RBF),Base (4),Antenna Prediction,0,"{'model__C': 100, 'model__gamma': 0.1}"
SVM (RBF),Base (4),Antenna Prediction,1,"{'model__C': 0.1, 'model__gamma': 'scale'}"
SVM (RBF),Base (4),Antenna Prediction,2,"{'model__C': 100, 'model__gamma': 0.001}"
SVM (RBF),Base (4),Antenna Prediction,3,"{'model__C': 10, 'model__gamma': 0.1}"
SVM (RBF),Base (4),Antenna Prediction,4,"{'model__C': 10, 'model__gamma': 'scale'}"
SVM (RBF),Base (4),Antenna Prediction,5,"{'model__C': 10, 'model__gamma': 'scale'}"
SVM (RBF),Base (4),Antenna Prediction,6,"{'model__C': 0.1, 'model__gamma': 'scale'}"
SVM (RBF),Base (4),Antenna Prediction,7,"{'model__C': 100, 'model__gamma': 0.1}"
KNN,Base (4),Antenna Prediction,0,"{'model__metric': 'euclidean', 'model__n_neighbors': 3, 'model__weights': 'distance'}"
KNN,Base (4),Antenna Prediction,1,"{'model__metric': 'euclidean', 'model__n_neighbors': 11, 'model__weights': 'distance'}"
KNN,Base (4),Antenna Prediction,2,"{'model__metric': 'chebyshev', 'model__n_neighbors': 1, 'model__weights': 'uniform'}"
KNN,Base (4),Antenna Prediction,3,"{'model__metric': 'chebyshev', 'model__n_neighbors': 1, 'model__weights': 'uniform'}"
KNN,Base (4),Antenna Prediction,4,"{'model__metric': 'chebyshev', 'model__n_neighbors': 3, 'model__weights': 'distance'}"
KNN,Base (4),Antenna Prediction,5,"{'model__metric': 'euclidean', 'model__n_neighbors': 1, 'model__weights': 'uniform'}"
KNN,Base (4),Antenna Prediction,6,"{'model__metric': 'manhattan', 'model__n_neighbors': 8, 'model__weights': 'uniform'}"
KNN,Base (4),Antenna Prediction,7,"{'model__metric': 'manhattan', 'model__n_neighbors': 2, 'model__weights': 'uniform'}"
Decision Tree,Base (4),Antenna Prediction,0,"{'criterion': 'gini', 'max_depth': 8, 'min_samples_leaf': 1, 'min_samples_split': 5}"
Decision Tree,Base (4),Antenna Prediction,1,"{'criterion': 'entropy', 'max_depth': 8, 'min_samples_leaf': 2, 'min_samples_split': 5}"
Decision Tree,Base (4),Antenna Prediction,2,"{'criterion': 'gini', 'max_depth': 10, 'min_samples_leaf': 5, 'min_samples_split': 20}"
Decision Tree,Base (4),Antenna Prediction,3,"{'criterion': 'entropy', 'max_depth': 3, 'min_samples_leaf': 10, 'min_samples_split': 2}"
Decision Tree,Base (4),Antenna Prediction,4,"{'criterion': 'gini', 'max_depth': 8, 'min_samples_leaf': 1, 'min_samples_split': 5}"
Decision Tree,Base (4),Antenna Prediction,5,"{'criterion': 'gini', 'max_depth': 8, 'min_samples_leaf': 1, 'min_samples_split': 10}"
Decision Tree,Base (4),Antenna Prediction,6,"{'criterion': 'entropy', 'max_depth': 3, 'min_samples_leaf': 1, 'min_samples_split': 2}"
Decision Tree,Base (4),Antenna Prediction,7,"{'criterion': 'gini', 'max_depth': 5, 'min_samples_leaf': 5, 'min_samples_split': 2}"
Random Forest,Base (4),Antenna Prediction,0,"{'max_depth': 10, 'max_features': 'sqrt', 'min_samples_leaf': 4, 'n_estimators': 100}"
Random Forest,Base (4),Antenna Prediction,1,"{'max_depth': 10, 'max_features': 'sqrt', 'min_samples_leaf': 1, 'n_estimators': 100}"
Random Forest,Base (4),Antenna Prediction,2,"{'max_depth': None, 'max_features': 'sqrt', 'min_samples_leaf': 4, 'n_estimators': 300}"
Random Forest,Base (4),Antenna Prediction,3,"{'max_depth': None, 'max_features': 'sqrt', 'min_samples_leaf': 4, 'n_estimators': 200}"
Random Forest,Base (4),Antenna Prediction,4,"{'max_depth': 10, 'max_features': 'sqrt', 'min_samples_leaf': 4, 'n_estimators': 300}"
Random Forest,Base (4),Antenna Prediction,5,"{'max_depth': None, 'max_features': 'sqrt', 'min_samples_leaf': 1, 'n_estimators': 300}"
Random Forest,Base (4),Antenna Prediction,6,"{'max_depth': None, 'max_features': 'sqrt', 'min_samples_leaf': 4, 'n_estimators': 300}"
Random Forest,Base (4),Antenna Prediction,7,"{'max_depth': None, 'max_features': 'sqrt', 'min_samples_leaf': 1, 'n_estimators': 200}"
Extra Trees,Base (4),Antenna Prediction,0,"{'max_depth': 10, 'max_features': 'sqrt', 'min_samples_leaf': 1, 'n_estimators': 100}"
Extra Trees,Base (4),Antenna Prediction,1,"{'max_depth': 10, 'max_features': 'sqrt', 'min_samples_leaf': 2, 'n_estimators': 200}"
Extra Trees,Base (4),Antenna Prediction,2,"{'max_depth': 10, 'max_features': 'sqrt', 'min_samples_leaf': 4, 'n_estimators': 200}"
Extra Trees,Base (4),Antenna Prediction,3,"{'max_depth': None, 'max_features': 'sqrt', 'min_samples_leaf': 1, 'n_estimators': 100}"
Extra Trees,Base (4),Antenna Prediction,4,"{'max_depth': 20, 'max_features': 'sqrt', 'min_samples_leaf': 1, 'n_estimators': 100}"
Extra Trees,Base (4),Antenna Prediction,5,"{'max_depth': 20, 'max_features': 'sqrt', 'min_samples_leaf': 1, 'n_estimators': 200}"
Extra Trees,Base (4),Antenna Prediction,6,"{'max_depth': None, 'max_features': 'sqrt', 'min_samples_leaf': 2, 'n_estimators': 100}"
Extra Trees,Base (4),Antenna Prediction,7,"{'max_depth': 20, 'max_features': 'sqrt', 'min_samples_leaf': 2, 'n_estimators': 100}"
XGBoost,Base (4),Antenna Prediction,0,"{'subsample': 1.0, 'n_estimators': 200, 'max_depth': 3, 'learning_rate': 0.01}"
XGBoost,Base (4),Antenna Prediction,1,"{'subsample': 1.0, 'n_estimators': 200, 'max_depth': 3, 'learning_rate': 0.01}"
XGBoost,Base (4),Antenna Prediction,2,"{'subsample': 1.0, 'n_estimators': 300, 'max_depth': 3, 'learning_rate': 0.01}"
XGBoost,Base (4),Antenna Prediction,3,"{'subsample': 0.8, 'n_estimators': 100, 'max_depth': 3, 'learning_rate': 0.01}"
XGBoost,Base (4),Antenna Prediction,4,"{'subsample': 1.0, 'n_estimators': 200, 'max_depth': 3, 'learning_rate': 0.01}"
XGBoost,Base (4),Antenna Prediction,5,"{'subsample': 1.0, 'n_estimators': 100, 'max_depth': 5, 'learning_rate': 0.1}"
XGBoost,Base (4),Antenna Prediction,6,"{'subsample': 1.0, 'n_estimators': 200, 'max_depth': 3, 'learning_rate': 0.01}"
XGBoost,Base (4),Antenna Prediction,7,"{'subsample': 1.0, 'n_estimators': 200, 'max_depth': 5, 'learning_rate': 0.01}"
LightGBM,Base (4),Antenna Prediction,0,"{'num_leaves': 15, 'n_estimators': 200, 'max_depth': 3, 'learning_rate': 0.01}"
LightGBM,Base (4),Antenna Prediction,1,"{'num_leaves': 15, 'n_estimators': 300, 'max_depth': 3, 'learning_rate': 0.01}"
LightGBM,Base (4),Antenna Prediction,2,"{'num_leaves': 31, 'n_estimators': 100, 'max_depth': 3, 'learning_rate': 0.01}"
LightGBM,Base (4),Antenna Prediction,3,"{'num_leaves': 15, 'n_estimators': 200, 'max_depth': 3, 'learning_rate': 0.01}"
LightGBM,Base (4),Antenna Prediction,4,"{'num_leaves': 31, 'n_estimators': 100, 'max_depth': 3, 'learning_rate': 0.01}"
LightGBM,Base (4),Antenna Prediction,5,"{'num_leaves': 31, 'n_estimators': 200, 'max_depth': -1, 'learning_rate': 0.01}"
LightGBM,Base (4),Antenna Prediction,6,"{'num_leaves': 63, 'n_estimators': 300, 'max_depth': -1, 'learning_rate': 0.1}"
LightGBM,Base (4),Antenna Prediction,7,"{'num_leaves': 31, 'n_estimators': 100, 'max_depth': 7, 'learning_rate': 0.1}"
CatBoost,Base (4),Antenna Prediction,0,"{'n_estimators': 300, 'max_depth': 5, 'learning_rate': 0.01, 'l2_leaf_reg': 10}"
CatBoost,Base (4),Antenna Prediction,1,"{'n_estimators': 300, 'max_depth': 5, 'learning_rate': 0.01, 'l2_leaf_reg': 10}"
CatBoost,Base (4),Antenna Prediction,2,"{'n_estimators': 200, 'max_depth': 5, 'learning_rate': 0.01, 'l2_leaf_reg': 10}"
CatBoost,Base (4),Antenna Prediction,3,"{'n_estimators': 200, 'max_depth': 9, 'learning_rate': 0.3, 'l2_leaf_reg': 10}"
CatBoost,Base (4),Antenna Prediction,4,"{'n_estimators': 200, 'max_depth': 7, 'learning_rate': 0.3, 'l2_leaf_reg': 1}"
CatBoost,Base (4),Antenna Prediction,5,"{'n_estimators': 200, 'max_depth': 9, 'learning_rate': 0.1, 'l2_leaf_reg': 1}"
CatBoost,Base (4),Antenna Prediction,6,"{'n_estimators': 200, 'max_depth': 7, 'learning_rate': 0.01, 'l2_leaf_reg': 10}"
CatBoost,Base (4),Antenna Prediction,7,"{'n_estimators': 100, 'max_depth': 3, 'learning_rate': 0.01, 'l2_leaf_reg': 3}"
Logistic Regression,FE (13),Attack Detection,0,"{'model__C': 1, 'model__class_weight': 'balanced', 'model__penalty': 'l2'}"
Logistic Regression,FE (13),Attack Detection,1,"{'model__C': 0.1, 'model__class_weight': 'balanced', 'model__penalty': 'l2'}"
Logistic Regression,FE (13),Attack Detection,2,"{'model__C': 0.1, 'model__class_weight': 'balanced', 'model__penalty': 'l2'}"
Logistic Regression,FE (13),Attack Detection,3,"{'model__C': 10, 'model__class_weight': 'balanced', 'model__penalty': 'l1'}"
Logistic Regression,FE (13),Attack Detection,4,"{'model__C': 1, 'model__class_weight': None, 'model__penalty': 'l1'}"
Logistic Regression,FE (13),Attack Detection,5,"{'model__C': 0.1, 'model__class_weight': 'balanced', 'model__penalty': 'l1'}"
SVM (RBF),FE (13),Attack Detection,0,"{'model__C': 100, 'model__gamma': 0.01}"
SVM (RBF),FE (13),Attack Detection,1,"{'model__C': 1, 'model__gamma': 0.01}"
SVM (RBF),FE (13),Attack Detection,2,"{'model__C': 1, 'model__gamma': 0.01}"
SVM (RBF),FE (13),Attack Detection,3,"{'model__C': 1, 'model__gamma': 0.01}"
SVM (RBF),FE (13),Attack Detection,4,"{'model__C': 1, 'model__gamma': 0.01}"
SVM (RBF),FE (13),Attack Detection,5,"{'model__C': 1, 'model__gamma': 0.1}"
KNN,FE (13),Attack Detection,0,"{'model__metric': 'manhattan', 'model__n_neighbors': 6, 'model__weights': 'distance'}"
KNN,FE (13),Attack Detection,1,"{'model__metric': 'manhattan', 'model__n_neighbors': 4, 'model__weights': 'uniform'}"
KNN,FE (13),Attack Detection,2,"{'model__metric': 'chebyshev', 'model__n_neighbors': 4, 'model__weights': 'uniform'}"
KNN,FE (13),Attack Detection,3,"{'model__metric': 'euclidean', 'model__n_neighbors': 12, 'model__weights': 'distance'}"
KNN,FE (13),Attack Detection,4,"{'model__metric': 'chebyshev', 'model__n_neighbors': 4, 'model__weights': 'uniform'}"
KNN,FE (13),Attack Detection,5,"{'model__metric': 'chebyshev', 'model__n_neighbors': 4, 'model__weights': 'uniform'}"
Decision Tree,FE (13),Attack Detection,0,"{'criterion': 'entropy', 'max_depth': 5, 'min_samples_leaf': 1, 'min_samples_split': 10}"
Decision Tree,FE (13),Attack Detection,1,"{'criterion': 'gini', 'max_depth': 3, 'min_samples_leaf': 10, 'min_samples_split': 2}"
Decision Tree,FE (13),Attack Detection,2,"{'criterion': 'entropy', 'max_depth': 5, 'min_samples_leaf': 5, 'min_samples_split': 2}"
Decision Tree,FE (13),Attack Detection,3,"{'criterion': 'entropy', 'max_depth': 3, 'min_samples_leaf': 5, 'min_samples_split': 20}"
Decision Tree,FE (13),Attack Detection,4,"{'criterion': 'gini', 'max_depth': 3, 'min_samples_leaf': 10, 'min_samples_split': 2}"
Decision Tree,FE (13),Attack Detection,5,"{'criterion': 'entropy', 'max_depth': 5, 'min_samples_leaf': 10, 'min_samples_split': 2}"
Random Forest,FE (13),Attack Detection,0,"{'max_depth': None, 'max_features': 'sqrt', 'min_samples_leaf': 4, 'n_estimators': 200}"
Random Forest,FE (13),Attack Detection,1,"{'max_depth': None, 'max_features': 'sqrt', 'min_samples_leaf': 4, 'n_estimators': 100}"
Random Forest,FE (13),Attack Detection,2,"{'max_depth': None, 'max_features': 'sqrt', 'min_samples_leaf': 4, 'n_estimators': 300}"
Random Forest,FE (13),Attack Detection,3,"{'max_depth': None, 'max_features': 'sqrt', 'min_samples_leaf': 2, 'n_estimators': 200}"
Random Forest,FE (13),Attack Detection,4,"{'max_depth': None, 'max_features': 'sqrt', 'min_samples_leaf': 2, 'n_estimators': 200}"
Random Forest,FE (13),Attack Detection,5,"{'max_depth': None, 'max_features': 'sqrt', 'min_samples_leaf': 4, 'n_estimators': 200}"
Extra Trees,FE (13),Attack Detection,0,"{'max_depth': 10, 'max_features': 'sqrt', 'min_samples_leaf': 2, 'n_estimators': 300}"
Extra Trees,FE (13),Attack Detection,1,"{'max_depth': None, 'max_features': 'sqrt', 'min_samples_leaf': 4, 'n_estimators': 300}"
Extra Trees,FE (13),Attack Detection,2,"{'max_depth': 10, 'max_features': 'sqrt', 'min_samples_leaf': 4, 'n_estimators': 100}"
Extra Trees,FE (13),Attack Detection,3,"{'max_depth': None, 'max_features': 'sqrt', 'min_samples_leaf': 4, 'n_estimators': 100}"
Extra Trees,FE (13),Attack Detection,4,"{'max_depth': 10, 'max_features': 'sqrt', 'min_samples_leaf': 2, 'n_estimators': 200}"
Extra Trees,FE (13),Attack Detection,5,"{'max_depth': None, 'max_features': 'sqrt', 'min_samples_leaf': 4, 'n_estimators': 100}"
XGBoost,FE (13),Attack Detection,0,"{'subsample': 0.8, 'n_estimators': 100, 'max_depth': 5, 'learning_rate': 0.1}"
XGBoost,FE (13),Attack Detection,1,"{'subsample': 0.8, 'n_estimators': 300, 'max_depth': 3, 'learning_rate': 0.01}"
XGBoost,FE (13),Attack Detection,2,"{'subsample': 0.8, 'n_estimators': 100, 'max_depth': 7, 'learning_rate': 0.01}"
XGBoost,FE (13),Attack Detection,3,"{'subsample': 1.0, 'n_estimators': 200, 'max_depth': 7, 'learning_rate': 0.1}"
XGBoost,FE (13),Attack Detection,4,"{'subsample': 0.8, 'n_estimators': 300, 'max_depth': 7, 'learning_rate': 0.3}"
XGBoost,FE (13),Attack Detection,5,"{'subsample': 1.0, 'n_estimators': 200, 'max_depth': 3, 'learning_rate': 0.01}"
LightGBM,FE (13),Attack Detection,0,"{'num_leaves': 63, 'n_estimators': 300, 'max_depth': -1, 'learning_rate': 0.1}"
LightGBM,FE (13),Attack Detection,1,"{'num_leaves': 31, 'n_estimators': 100, 'max_depth': 7, 'learning_rate': 0.1}"
LightGBM,FE (13),Attack Detection,2,"{'num_leaves': 63, 'n_estimators': 300, 'max_depth': 5, 'learning_rate': 0.01}"
LightGBM,FE (13),Attack Detection,3,"{'num_leaves': 63, 'n_estimators': 300, 'max_depth': 5, 'learning_rate': 0.01}"
LightGBM,FE (13),Attack Detection,4,"{'num_leaves': 63, 'n_estimators': 100, 'max_depth': 3, 'learning_rate': 0.3}"
LightGBM,FE (13),Attack Detection,5,"{'num_leaves': 63, 'n_estimators': 300, 'max_depth': -1, 'learning_rate': 0.1}"
CatBoost,FE (13),Attack Detection,0,"{'n_estimators': 200, 'max_depth': 7, 'learning_rate': 0.01, 'l2_leaf_reg': 10}"
CatBoost,FE (13),Attack Detection,1,"{'n_estimators': 100, 'max_depth': 3, 'learning_rate': 0.1, 'l2_leaf_reg': 1}"
CatBoost,FE (13),Attack Detection,2,"{'n_estimators': 100, 'max_depth': 9, 'learning_rate': 0.01, 'l2_leaf_reg': 10}"
CatBoost,FE (13),Attack Detection,3,"{'n_estimators': 100, 'max_depth': 7, 'learning_rate': 0.01, 'l2_leaf_reg': 3}"
CatBoost,FE (13),Attack Detection,4,"{'n_estimators': 300, 'max_depth': 3, 'learning_rate': 0.3, 'l2_leaf_reg': 3}"
CatBoost,FE (13),Attack Detection,5,"{'n_estimators': 200, 'max_depth': 7, 'learning_rate': 0.01, 'l2_leaf_reg': 10}"
Logistic Regression,FE (13),Point Prediction,0,"{'model__C': 0.1, 'model__class_weight': None, 'model__penalty': 'l2'}"
Logistic Regression,FE (13),Point Prediction,1,"{'model__C': 0.1, 'model__class_weight': 'balanced', 'model__penalty': 'l2'}"
Logistic Regression,FE (13),Point Prediction,2,"{'model__C': 0.01, 'model__class_weight': 'balanced', 'model__penalty': 'l2'}"
Logistic Regression,FE (13),Point Prediction,3,"{'model__C': 0.01, 'model__class_weight': None, 'model__penalty': 'l2'}"
Logistic Regression,FE (13),Point Prediction,4,"{'model__C': 0.1, 'model__class_weight': 'balanced', 'model__penalty': 'l2'}"
Logistic Regression,FE (13),Point Prediction,5,"{'model__C': 100, 'model__class_weight': None, 'model__penalty': 'l1'}"
SVM (RBF),FE (13),Point Prediction,0,"{'model__C': 1, 'model__gamma': 0.01}"
SVM (RBF),FE (13),Point Prediction,1,"{'model__C': 1, 'model__gamma': 0.01}"
SVM (RBF),FE (13),Point Prediction,2,"{'model__C': 1, 'model__gamma': 0.01}"
SVM (RBF),FE (13),Point Prediction,3,"{'model__C': 0.1, 'model__gamma': 0.1}"
SVM (RBF),FE (13),Point Prediction,4,"{'model__C': 100, 'model__gamma': 0.01}"
SVM (RBF),FE (13),Point Prediction,5,"{'model__C': 1, 'model__gamma': 0.01}"
KNN,FE (13),Point Prediction,0,"{'model__metric': 'manhattan', 'model__n_neighbors': 6, 'model__weights': 'uniform'}"
KNN,FE (13),Point Prediction,1,"{'model__metric': 'manhattan', 'model__n_neighbors': 25, 'model__weights': 'uniform'}"
KNN,FE (13),Point Prediction,2,"{'model__metric': 'manhattan', 'model__n_neighbors': 21, 'model__weights': 'uniform'}"
KNN,FE (13),Point Prediction,3,"{'model__metric': 'manhattan', 'model__n_neighbors': 16, 'model__weights': 'uniform'}"
KNN,FE (13),Point Prediction,4,"{'model__metric': 'manhattan', 'model__n_neighbors': 24, 'model__weights': 'uniform'}"
KNN,FE (13),Point Prediction,5,"{'model__metric': 'manhattan', 'model__n_neighbors': 23, 'model__weights': 'uniform'}"
Decision Tree,FE (13),Point Prediction,0,"{'criterion': 'entropy', 'max_depth': 10, 'min_samples_leaf': 1, 'min_samples_split': 2}"
Decision Tree,FE (13),Point Prediction,1,"{'criterion': 'entropy', 'max_depth': 5, 'min_samples_leaf': 5, 'min_samples_split': 20}"
Decision Tree,FE (13),Point Prediction,2,"{'criterion': 'entropy', 'max_depth': 8, 'min_samples_leaf': 5, 'min_samples_split': 20}"
Decision Tree,FE (13),Point Prediction,3,"{'criterion': 'entropy', 'max_depth': 5, 'min_samples_leaf': 10, 'min_samples_split': 2}"
Decision Tree,FE (13),Point Prediction,4,"{'criterion': 'gini', 'max_depth': 8, 'min_samples_leaf': 10, 'min_samples_split': 2}"
Decision Tree,FE (13),Point Prediction,5,"{'criterion': 'gini', 'max_depth': 10, 'min_samples_leaf': 1, 'min_samples_split': 10}"
Random Forest,FE (13),Point Prediction,0,"{'max_depth': None, 'max_features': 'sqrt', 'min_samples_leaf': 1, 'n_estimators': 200}"
Random Forest,FE (13),Point Prediction,1,"{'max_depth': None, 'max_features': 'sqrt', 'min_samples_leaf': 4, 'n_estimators': 200}"
Random Forest,FE (13),Point Prediction,2,"{'max_depth': None, 'max_features': 'sqrt', 'min_samples_leaf': 4, 'n_estimators': 200}"
Random Forest,FE (13),Point Prediction,3,"{'max_depth': None, 'max_features': 'sqrt', 'min_samples_leaf': 2, 'n_estimators': 300}"
Random Forest,FE (13),Point Prediction,4,"{'max_depth': 10, 'max_features': 'sqrt', 'min_samples_leaf': 1, 'n_estimators': 200}"
Random Forest,FE (13),Point Prediction,5,"{'max_depth': None, 'max_features': 'sqrt', 'min_samples_leaf': 4, 'n_estimators': 100}"
Extra Trees,FE (13),Point Prediction,0,"{'max_depth': None, 'max_features': 'sqrt', 'min_samples_leaf': 4, 'n_estimators': 100}"
Extra Trees,FE (13),Point Prediction,1,"{'max_depth': None, 'max_features': 'sqrt', 'min_samples_leaf': 2, 'n_estimators': 200}"
Extra Trees,FE (13),Point Prediction,2,"{'max_depth': 10, 'max_features': 'sqrt', 'min_samples_leaf': 4, 'n_estimators': 100}"
Extra Trees,FE (13),Point Prediction,3,"{'max_depth': 10, 'max_features': 'sqrt', 'min_samples_leaf': 2, 'n_estimators': 100}"
Extra Trees,FE (13),Point Prediction,4,"{'max_depth': 10, 'max_features': 'sqrt', 'min_samples_leaf': 4, 'n_estimators': 300}"
Extra Trees,FE (13),Point Prediction,5,"{'max_depth': 10, 'max_features': 'sqrt', 'min_samples_leaf': 4, 'n_estimators': 300}"
XGBoost,FE (13),Point Prediction,0,"{'subsample': 0.8, 'n_estimators': 200, 'max_depth': 5, 'learning_rate': 0.1}"
XGBoost,FE (13),Point Prediction,1,"{'subsample': 0.8, 'n_estimators': 200, 'max_depth': 5, 'learning_rate': 0.3}"
XGBoost,FE (13),Point Prediction,2,"{'subsample': 0.8, 'n_estimators': 200, 'max_depth': 5, 'learning_rate': 0.3}"
XGBoost,FE (13),Point Prediction,3,"{'subsample': 0.8, 'n_estimators': 200, 'max_depth': 5, 'learning_rate': 0.1}"
XGBoost,FE (13),Point Prediction,4,"{'subsample': 0.8, 'n_estimators': 300, 'max_depth': 7, 'learning_rate': 0.1}"
XGBoost,FE (13),Point Prediction,5,"{'subsample': 0.8, 'n_estimators': 200, 'max_depth': 5, 'learning_rate': 0.3}"
LightGBM,FE (13),Point Prediction,0,"{'num_leaves': 15, 'n_estimators': 300, 'max_depth': 3, 'learning_rate': 0.01}"
LightGBM,FE (13),Point Prediction,1,"{'num_leaves': 31, 'n_estimators': 100, 'max_depth': 3, 'learning_rate': 0.01}"
LightGBM,FE (13),Point Prediction,2,"{'num_leaves': 31, 'n_estimators': 200, 'max_depth': 7, 'learning_rate': 0.01}"
LightGBM,FE (13),Point Prediction,3,"{'num_leaves': 15, 'n_estimators': 300, 'max_depth': -1, 'learning_rate': 0.1}"
LightGBM,FE (13),Point Prediction,4,"{'num_leaves': 15, 'n_estimators': 100, 'max_depth': -1, 'learning_rate': 0.01}"
LightGBM,FE (13),Point Prediction,5,"{'num_leaves': 15, 'n_estimators': 300, 'max_depth': -1, 'learning_rate': 0.1}"
CatBoost,FE (13),Point Prediction,0,"{'n_estimators': 300, 'max_depth': 7, 'learning_rate': 0.01, 'l2_leaf_reg': 3}"
CatBoost,FE (13),Point Prediction,1,"{'n_estimators': 100, 'max_depth': 7, 'learning_rate': 0.01, 'l2_leaf_reg': 3}"
CatBoost,FE (13),Point Prediction,2,"{'n_estimators': 100, 'max_depth': 9, 'learning_rate': 0.01, 'l2_leaf_reg': 10}"
CatBoost,FE (13),Point Prediction,3,"{'n_estimators': 100, 'max_depth': 7, 'learning_rate': 0.01, 'l2_leaf_reg': 3}"
CatBoost,FE (13),Point Prediction,4,"{'n_estimators': 100, 'max_depth': 7, 'learning_rate': 0.1, 'l2_leaf_reg': 1}"
CatBoost,FE (13),Point Prediction,5,"{'n_estimators': 300, 'max_depth': 9, 'learning_rate': 0.01, 'l2_leaf_reg': 3}"
Logistic Regression,FE (13),Antenna Prediction,0,"{'model__C': 0.001, 'model__class_weight': 'balanced', 'model__penalty': 'l2'}"
Logistic Regression,FE (13),Antenna Prediction,1,"{'model__C': 10, 'model__class_weight': None, 'model__penalty': 'l2'}"
Logistic Regression,FE (13),Antenna Prediction,2,"{'model__C': 0.01, 'model__class_weight': 'balanced', 'model__penalty': 'l2'}"
Logistic Regression,FE (13),Antenna Prediction,3,"{'model__C': 1000, 'model__class_weight': None, 'model__penalty': 'l1'}"
Logistic Regression,FE (13),Antenna Prediction,4,"{'model__C': 1, 'model__class_weight': None, 'model__penalty': 'l2'}"
Logistic Regression,FE (13),Antenna Prediction,5,"{'model__C': 0.1, 'model__class_weight': 'balanced', 'model__penalty': 'l2'}"
Logistic Regression,FE (13),Antenna Prediction,6,"{'model__C': 1, 'model__class_weight': 'balanced', 'model__penalty': 'l1'}"
Logistic Regression,FE (13),Antenna Prediction,7,"{'model__C': 1, 'model__class_weight': 'balanced', 'model__penalty': 'l2'}"
SVM (RBF),FE (13),Antenna Prediction,0,"{'model__C': 100, 'model__gamma': 0.01}"
SVM (RBF),FE (13),Antenna Prediction,1,"{'model__C': 10, 'model__gamma': 0.001}"
SVM (RBF),FE (13),Antenna Prediction,2,"{'model__C': 100, 'model__gamma': 0.1}"
SVM (RBF),FE (13),Antenna Prediction,3,"{'model__C': 1000, 'model__gamma': 0.1}"
SVM (RBF),FE (13),Antenna Prediction,4,"{'model__C': 100, 'model__gamma': 0.01}"
SVM (RBF),FE (13),Antenna Prediction,5,"{'model__C': 100, 'model__gamma': 'scale'}"
SVM (RBF),FE (13),Antenna Prediction,6,"{'model__C': 10, 'model__gamma': 0.01}"
SVM (RBF),FE (13),Antenna Prediction,7,"{'model__C': 1, 'model__gamma': 0.1}"
KNN,FE (13),Antenna Prediction,0,"{'model__metric': 'manhattan', 'model__n_neighbors': 5, 'model__weights': 'distance'}"
KNN,FE (13),Antenna Prediction,1,"{'model__metric': 'chebyshev', 'model__n_neighbors': 2, 'model__weights': 'uniform'}"
KNN,FE (13),Antenna Prediction,2,"{'model__metric': 'chebyshev', 'model__n_neighbors': 1, 'model__weights': 'uniform'}"
KNN,FE (13),Antenna Prediction,3,"{'model__metric': 'chebyshev', 'model__n_neighbors': 1, 'model__weights': 'uniform'}"
KNN,FE (13),Antenna Prediction,4,"{'model__metric': 'manhattan', 'model__n_neighbors': 1, 'model__weights': 'uniform'}"
KNN,FE (13),Antenna Prediction,5,"{'model__metric': 'euclidean', 'model__n_neighbors': 3, 'model__weights': 'distance'}"
KNN,FE (13),Antenna Prediction,6,"{'model__metric': 'manhattan', 'model__n_neighbors': 1, 'model__weights': 'uniform'}"
KNN,FE (13),Antenna Prediction,7,"{'model__metric': 'manhattan', 'model__n_neighbors': 4, 'model__weights': 'uniform'}"
Decision Tree,FE (13),Antenna Prediction,0,"{'criterion': 'entropy', 'max_depth': 5, 'min_samples_leaf': 1, 'min_samples_split': 20}"
Decision Tree,FE (13),Antenna Prediction,1,"{'criterion': 'entropy', 'max_depth': 10, 'min_samples_leaf': 1, 'min_samples_split': 2}"
Decision Tree,FE (13),Antenna Prediction,2,"{'criterion': 'entropy', 'max_depth': 15, 'min_samples_leaf': 1, 'min_samples_split': 2}"
Decision Tree,FE (13),Antenna Prediction,3,"{'criterion': 'gini', 'max_depth': 5, 'min_samples_leaf': 1, 'min_samples_split': 2}"
Decision Tree,FE (13),Antenna Prediction,4,"{'criterion': 'gini', 'max_depth': 15, 'min_samples_leaf': 2, 'min_samples_split': 2}"
Decision Tree,FE (13),Antenna Prediction,5,"{'criterion': 'gini', 'max_depth': 8, 'min_samples_leaf': 5, 'min_samples_split': 2}"
Decision Tree,FE (13),Antenna Prediction,6,"{'criterion': 'gini', 'max_depth': 3, 'min_samples_leaf': 1, 'min_samples_split': 2}"
Decision Tree,FE (13),Antenna Prediction,7,"{'criterion': 'gini', 'max_depth': 5, 'min_samples_leaf': 10, 'min_samples_split': 2}"
Random Forest,FE (13),Antenna Prediction,0,"{'max_depth': None, 'max_features': 'sqrt', 'min_samples_leaf': 1, 'n_estimators': 300}"
Random Forest,FE (13),Antenna Prediction,1,"{'max_depth': 10, 'max_features': 'sqrt', 'min_samples_leaf': 4, 'n_estimators': 100}"
Random Forest,FE (13),Antenna Prediction,2,"{'max_depth': None, 'max_features': 'sqrt', 'min_samples_leaf': 1, 'n_estimators': 100}"
Random Forest,FE (13),Antenna Prediction,3,"{'max_depth': None, 'max_features': 'sqrt', 'min_samples_leaf': 2, 'n_estimators': 100}"
Random Forest,FE (13),Antenna Prediction,4,"{'max_depth': 10, 'max_features': 'sqrt', 'min_samples_leaf': 4, 'n_estimators': 100}"
Random Forest,FE (13),Antenna Prediction,5,"{'max_depth': None, 'max_features': 'sqrt', 'min_samples_leaf': 4, 'n_estimators': 200}"
Random Forest,FE (13),Antenna Prediction,6,"{'max_depth': 10, 'max_features': 'sqrt', 'min_samples_leaf': 2, 'n_estimators': 300}"
Random Forest,FE (13),Antenna Prediction,7,"{'max_depth': None, 'max_features': 'sqrt', 'min_samples_leaf': 2, 'n_estimators': 100}"
Extra Trees,FE (13),Antenna Prediction,0,"{'max_depth': 20, 'max_features': 'sqrt', 'min_samples_leaf': 1, 'n_estimators': 300}"
Extra Trees,FE (13),Antenna Prediction,1,"{'max_depth': 10, 'max_features': 'sqrt', 'min_samples_leaf': 4, 'n_estimators': 300}"
Extra Trees,FE (13),Antenna Prediction,2,"{'max_depth': None, 'max_features': 'sqrt', 'min_samples_leaf': 1, 'n_estimators': 200}"
Extra Trees,FE (13),Antenna Prediction,3,"{'max_depth': 20, 'max_features': 'sqrt', 'min_samples_leaf': 1, 'n_estimators': 300}"
Extra Trees,FE (13),Antenna Prediction,4,"{'max_depth': None, 'max_features': 'sqrt', 'min_samples_leaf': 1, 'n_estimators': 100}"
Extra Trees,FE (13),Antenna Prediction,5,"{'max_depth': None, 'max_features': 'sqrt', 'min_samples_leaf': 1, 'n_estimators': 200}"
Extra Trees,FE (13),Antenna Prediction,6,"{'max_depth': 10, 'max_features': 'sqrt', 'min_samples_leaf': 1, 'n_estimators': 200}"
Extra Trees,FE (13),Antenna Prediction,7,"{'max_depth': 20, 'max_features': 'sqrt', 'min_samples_leaf': 1, 'n_estimators': 200}"
XGBoost,FE (13),Antenna Prediction,0,"{'subsample': 1.0, 'n_estimators': 200, 'max_depth': 5, 'learning_rate': 0.3}"
XGBoost,FE (13),Antenna Prediction,1,"{'subsample': 1.0, 'n_estimators': 100, 'max_depth': 7, 'learning_rate': 0.01}"
XGBoost,FE (13),Antenna Prediction,2,"{'subsample': 1.0, 'n_estimators': 300, 'max_depth': 3, 'learning_rate': 0.01}"
XGBoost,FE (13),Antenna Prediction,3,"{'subsample': 0.8, 'n_estimators': 300, 'max_depth': 3, 'learning_rate': 0.01}"
XGBoost,FE (13),Antenna Prediction,4,"{'subsample': 1.0, 'n_estimators': 100, 'max_depth': 7, 'learning_rate': 0.3}"
XGBoost,FE (13),Antenna Prediction,5,"{'subsample': 0.8, 'n_estimators': 100, 'max_depth': 3, 'learning_rate': 0.01}"
XGBoost,FE (13),Antenna Prediction,6,"{'subsample': 1.0, 'n_estimators': 200, 'max_depth': 5, 'learning_rate': 0.3}"
XGBoost,FE (13),Antenna Prediction,7,"{'subsample': 0.8, 'n_estimators': 300, 'max_depth': 7, 'learning_rate': 0.1}"
LightGBM,FE (13),Antenna Prediction,0,"{'num_leaves': 31, 'n_estimators': 100, 'max_depth': 3, 'learning_rate': 0.01}"
LightGBM,FE (13),Antenna Prediction,1,"{'num_leaves': 31, 'n_estimators': 100, 'max_depth': 7, 'learning_rate': 0.3}"
LightGBM,FE (13),Antenna Prediction,2,"{'num_leaves': 15, 'n_estimators': 100, 'max_depth': 5, 'learning_rate': 0.01}"
LightGBM,FE (13),Antenna Prediction,3,"{'num_leaves': 63, 'n_estimators': 100, 'max_depth': 3, 'learning_rate': 0.3}"
LightGBM,FE (13),Antenna Prediction,4,"{'num_leaves': 15, 'n_estimators': 200, 'max_depth': 7, 'learning_rate': 0.01}"
LightGBM,FE (13),Antenna Prediction,5,"{'num_leaves': 15, 'n_estimators': 200, 'max_depth': 3, 'learning_rate': 0.01}"
LightGBM,FE (13),Antenna Prediction,6,"{'num_leaves': 31, 'n_estimators': 200, 'max_depth': -1, 'learning_rate': 0.01}"
LightGBM,FE (13),Antenna Prediction,7,"{'num_leaves': 15, 'n_estimators': 300, 'max_depth': 7, 'learning_rate': 0.1}"
CatBoost,FE (13),Antenna Prediction,0,"{'n_estimators': 200, 'max_depth': 5, 'learning_rate': 0.3, 'l2_leaf_reg': 10}"
CatBoost,FE (13),Antenna Prediction,1,"{'n_estimators': 100, 'max_depth': 3, 'learning_rate': 0.01, 'l2_leaf_reg': 1}"
CatBoost,FE (13),Antenna Prediction,2,"{'n_estimators': 300, 'max_depth': 3, 'learning_rate': 0.3, 'l2_leaf_reg': 3}"
CatBoost,FE (13),Antenna Prediction,3,"{'n_estimators': 200, 'max_depth': 9, 'learning_rate': 0.3, 'l2_leaf_reg': 10}"
CatBoost,FE (13),Antenna Prediction,4,"{'n_estimators': 300, 'max_depth': 7, 'learning_rate': 0.1, 'l2_leaf_reg': 3}"
CatBoost,FE (13),Antenna Prediction,5,"{'n_estimators': 200, 'max_depth': 9, 'learning_rate': 0.1, 'l2_leaf_reg': 1}"
CatBoost,FE (13),Antenna Prediction,6,"{'n_estimators': 100, 'max_depth': 3, 'learning_rate': 0.1, 'l2_leaf_reg': 1}"
CatBoost,FE (13),Antenna Prediction,7,"{'n_estimators': 200, 'max_depth': 5, 'learning_rate': 0.3, 'l2_leaf_reg': 3}"
MLP,Base (4),Attack Detection,0,"{'model__alpha': 0.0001, 'model__hidden_layer_sizes': (64,), 'model__learning_rate_init': 0.01}"
MLP,Base (4),Attack Detection,1,"{'model__alpha': 0.0001, 'model__hidden_layer_sizes': (32,), 'model__learning_rate_init': 0.01}"
MLP,Base (4),Attack Detection,2,"{'model__alpha': 0.0001, 'model__hidden_layer_sizes': (64, 32), 'model__learning_rate_init': 0.01}"
MLP,Base (4),Attack Detection,3,"{'model__alpha': 0.001, 'model__hidden_layer_sizes': (64, 32), 'model__learning_rate_init': 0.01}"
MLP,Base (4),Attack Detection,4,"{'model__alpha': 0.0001, 'model__hidden_layer_sizes': (32,), 'model__learning_rate_init': 0.01}"
MLP,Base (4),Attack Detection,5,"{'model__alpha': 0.0001, 'model__hidden_layer_sizes': (64, 32), 'model__learning_rate_init': 0.01}"
MLP,Base (4),Point Prediction,0,"{'model__alpha': 0.01, 'model__hidden_layer_sizes': (128, 64), 'model__learning_rate_init': 0.01}"
MLP,Base (4),Point Prediction,1,"{'model__alpha': 0.0001, 'model__hidden_layer_sizes': (128, 64), 'model__learning_rate_init': 0.01}"
MLP,Base (4),Point Prediction,2,"{'model__alpha': 0.0001, 'model__hidden_layer_sizes': (64, 32), 'model__learning_rate_init': 0.01}"
MLP,Base (4),Point Prediction,3,"{'model__alpha': 0.0001, 'model__hidden_layer_sizes': (64,), 'model__learning_rate_init': 0.01}"
MLP,Base (4),Point Prediction,4,"{'model__alpha': 0.01, 'model__hidden_layer_sizes': (128, 64), 'model__learning_rate_init': 0.01}"
MLP,Base (4),Point Prediction,5,"{'model__alpha': 0.0001, 'model__hidden_layer_sizes': (64,), 'model__learning_rate_init': 0.01}"
MLP,Base (4),Antenna Prediction,0,"{'model__alpha': 0.01, 'model__hidden_layer_sizes': (128, 64), 'model__learning_rate_init': 0.01}"
MLP,Base (4),Antenna Prediction,1,"{'model__alpha': 0.001, 'model__hidden_layer_sizes': (64, 32), 'model__learning_rate_init': 0.01}"
MLP,Base (4),Antenna Prediction,2,"{'model__alpha': 0.0001, 'model__hidden_layer_sizes': (64,), 'model__learning_rate_init': 0.001}"
MLP,Base (4),Antenna Prediction,3,"{'model__alpha': 0.0001, 'model__hidden_layer_sizes': (128, 64), 'model__learning_rate_init': 0.01}"
MLP,Base (4),Antenna Prediction,4,"{'model__alpha': 0.01, 'model__hidden_layer_sizes': (64, 32), 'model__learning_rate_init': 0.01}"
MLP,Base (4),Antenna Prediction,5,"{'model__alpha': 0.001, 'model__hidden_layer_sizes': (64, 32), 'model__learning_rate_init': 0.01}"
MLP,Base (4),Antenna Prediction,6,"{'model__alpha': 0.001, 'model__hidden_layer_sizes': (128, 64), 'model__learning_rate_init': 0.01}"
MLP,Base (4),Antenna Prediction,7,"{'model__alpha': 0.0001, 'model__hidden_layer_sizes': (64,), 'model__learning_rate_init': 0.01}"
MLP,FE (13),Attack Detection,0,"{'model__alpha': 0.001, 'model__hidden_layer_sizes': (64, 32), 'model__learning_rate_init': 0.01}"
MLP,FE (13),Attack Detection,1,"{'model__alpha': 0.0001, 'model__hidden_layer_sizes': (128, 64), 'model__learning_rate_init': 0.01}"
MLP,FE (13),Attack Detection,2,"{'model__alpha': 0.01, 'model__hidden_layer_sizes': (128, 64), 'model__learning_rate_init': 0.01}"
MLP,FE (13),Attack Detection,3,"{'model__alpha': 0.0001, 'model__hidden_layer_sizes': (128, 64), 'model__learning_rate_init': 0.001}"
MLP,FE (13),Attack Detection,4,"{'model__alpha': 0.001, 'model__hidden_layer_sizes': (128, 64), 'model__learning_rate_init': 0.01}"
MLP,FE (13),Attack Detection,5,"{'model__alpha': 0.0001, 'model__hidden_layer_sizes': (128, 64), 'model__learning_rate_init': 0.001}"
MLP,FE (13),Point Prediction,0,"{'model__alpha': 0.001, 'model__hidden_layer_sizes': (128, 64), 'model__learning_rate_init': 0.01}"
MLP,FE (13),Point Prediction,1,"{'model__alpha': 0.001, 'model__hidden_layer_sizes': (128, 64), 'model__learning_rate_init': 0.01}"
MLP,FE (13),Point Prediction,2,"{'model__alpha': 0.0001, 'model__hidden_layer_sizes': (64, 32), 'model__learning_rate_init': 0.01}"
MLP,FE (13),Point Prediction,3,"{'model__alpha': 0.0001, 'model__hidden_layer_sizes': (128, 64), 'model__learning_rate_init': 0.001}"
MLP,FE (13),Point Prediction,4,"{'model__alpha': 0.001, 'model__hidden_layer_sizes': (64,), 'model__learning_rate_init': 0.01}"
MLP,FE (13),Point Prediction,5,"{'model__alpha': 0.0001, 'model__hidden_layer_sizes': (64,), 'model__learning_rate_init': 0.01}"
MLP,FE (13),Antenna Prediction,0,"{'model__alpha': 0.0001, 'model__hidden_layer_sizes': (128, 64), 'model__learning_rate_init': 0.01}"
MLP,FE (13),Antenna Prediction,1,"{'model__alpha': 0.001, 'model__hidden_layer_sizes': (64, 32), 'model__learning_rate_init': 0.01}"
MLP,FE (13),Antenna Prediction,2,"{'model__alpha': 0.0001, 'model__hidden_layer_sizes': (64,), 'model__learning_rate_init': 0.001}"
MLP,FE (13),Antenna Prediction,3,"{'model__alpha': 0.0001, 'model__hidden_layer_sizes': (64,), 'model__learning_rate_init': 0.01}"
MLP,FE (13),Antenna Prediction,4,"{'model__alpha': 0.0001, 'model__hidden_layer_sizes': (128, 64), 'model__learning_rate_init': 0.001}"
MLP,FE (13),Antenna Prediction,5,"{'model__alpha': 0.0001, 'model__hidden_layer_sizes': (32,), 'model__learning_rate_init': 0.01}"
MLP,FE (13),Antenna Prediction,6,"{'model__alpha': 0.001, 'model__hidden_layer_sizes': (64, 32), 'model__learning_rate_init': 0.01}"
MLP,FE (13),Antenna Prediction,7,"{'model__alpha': 0.001, 'model__hidden_layer_sizes': (64, 32), 'model__learning_rate_init': 0.01}"
