task,model,feature_set,test_block,test_antenna,accuracy,macro_f1,n_train_rows,n_test_rows,ci_low,ci_high
Attack Detection,KNN,Base (4),2,ARS-N19,0.9880952380952381,0.985032074126871,349,336,0.9754385964912281,0.9972604611123587
Attack Detection,KNN,Base (4),3,APA-M25,0.9910979228486647,0.9889707085583375,685,337,0.9790151515151515,1.0
Attack Detection,KNN,Base (4),4,Yagi,0.9839228295819936,0.9817181419518676,1022,311,0.9693457117595048,0.9947784078546562
Attack Detection,KNN,Base (4),5,Logperiodic,0.9890829694323144,0.982928156613662,1333,458,0.9745006174184644,0.9969325153374233
Attack Detection,KNN,Base (4),6,APA-M04,0.9911764705882353,0.9892149088025377,1791,340,0.9785695084485406,1.0
Point Prediction,KNN,FE (13),2,ARS-N19,0.5384615384615384,0.4972093837535014,93,91,0.32608695652173914,0.7263644164759723
Point Prediction,KNN,FE (13),3,APA-M25,0.8105263157894737,0.7749170320302035,184,95,0.5729166666666666,0.967391304347826
Point Prediction,KNN,FE (13),4,Yagi,0.5784313725490197,0.5460449217428622,279,102,0.29245283018867924,0.8586956521739131
Point Prediction,KNN,FE (13),5,Logperiodic,0.7362637362637363,0.7141895141895142,381,91,0.5108695652173914,0.9222222222222223
Point Prediction,KNN,FE (13),6,APA-M04,0.8484848484848485,0.8466059129718981,472,99,0.7070707070707071,0.9693877551020408
