model,variant,protocol,feature_set,mean_error_m,median_error_m,p90_error_m,ci_low_mean_m,ci_high_mean_m,session_mean_error_m,session_median_error_m,n,n_sessions
Extra Trees,xy,LOPO,Base (4),10.904005405522163,10.668809921321188,14.574120724087065,10.247301098105778,11.51486754571101,10.714038525423689,10.272663276261891,571,48
Random Forest,xy,LOPO,Base (4),11.428869485884993,10.949744086788325,15.869702865725449,10.628367890558257,12.210906811894878,11.173243064350762,10.35905393235108,571,48
KNN,xy,LOPO,Base (4),11.617655554175983,10.75082147374939,18.26648978164341,10.636736865352558,12.58846371963852,11.093751595177858,9.880671087536953,571,48
MLP,xy,LOPO,Base (4),11.894465009442714,12.475551564601181,17.538215169407952,10.75562448779173,13.011210177024818,11.337829970144526,11.540770875222606,571,48
CatBoost,xy,LOPO,Base (4),11.450354578403264,10.399856277201513,16.06594597995689,10.807980729455657,12.19599938585327,11.251231155718825,10.295985893463262,571,48
Extra Trees,angle,LOPO,Base (4),12.876017861972741,12.606914218114152,20.63885048269727,11.534790033236291,14.169946547996487,11.87086041988774,10.990008842499607,571,48
Random Forest,angle,LOPO,Base (4),13.29284223598086,13.088170466870142,21.152424886830534,11.897757460642442,14.629994922347073,12.296576541359805,11.435509575909737,571,48
KNN,angle,LOPO,Base (4),13.288762796404148,13.387215289705793,21.896367838339387,11.992134378943094,14.62753802825002,12.074460917615184,11.313421480146076,571,48
MLP,angle,LOPO,Base (4),11.5681091317876,11.629194472431365,20.55543787248079,10.21464676867947,12.926497801616083,10.520952372972568,10.003887761131978,571,48
CatBoost,angle,LOPO,Base (4),12.826263650549913,12.143344783692505,21.097472350788593,11.576772733785548,14.171043495113315,11.787136036230791,11.558121318303195,571,48
Extra Trees,xy,LOAO,Base (4),4.615807568685749,3.788985790671091,10.382762523171374,3.8070196963554017,5.454162606386477,4.352244793984577,3.8576153748820126,571,48
Random Forest,xy,LOAO,Base (4),4.595954233560887,3.159884809507867,12.26742055922151,3.6986217227029625,5.494197446086296,4.325554935586372,3.1723529252796796,571,48
KNN,xy,LOAO,Base (4),3.7792392918232793,1.7763568394002505e-15,11.162436021013267,2.809664974409016,4.785215074731174,3.405222785997289,2.1282746219576096,571,48
MLP,xy,LOAO,Base (4),5.244092947403683,4.023929276834211,10.940610499787637,4.46188877581446,6.095229376222139,4.544437233290846,3.7957988823164315,571,48
CatBoost,xy,LOAO,Base (4),4.657556792933658,3.349324980838459,10.685855116834622,3.8846836674943024,5.471585908293645,4.233353258716199,3.362714891529289,571,48
Extra Trees,angle,LOAO,Base (4),4.19645660721323,1.7821185595769695,12.024669631565882,3.2602646708941183,5.161010647863547,3.354684087562753,2.2638379242297564,571,48
Random Forest,angle,LOAO,Base (4),4.414389256264441,1.6219025980570831,15.409215942467402,3.2487824485856747,5.661958926787049,3.7515897911607916,2.019708715519297,571,48
KNN,angle,LOAO,Base (4),3.783315097028807,8.881784197001252e-16,13.190053740338342,2.8122635736245036,4.771106078709376,3.136888615356194,2.2078421995270237,571,48
MLP,angle,LOAO,Base (4),4.5262231701637505,2.491034262852672,11.326766138860009,3.6539243787724307,5.407729453180862,3.4082484886001523,2.211149895850931,571,48
CatBoost,angle,LOAO,Base (4),4.588360119631534,2.3220989306335045,12.962187501176098,3.5850228800878727,5.647238449517529,3.629485135630977,2.6536032374465255,571,48
Extra Trees,xy,LOPO,FE (13),11.115916064250548,11.152831467887323,15.448625741352199,10.332470819699681,11.871094161347447,10.839598366831494,10.98753574560994,571,48
Random Forest,xy,LOPO,FE (13),11.317914040650926,11.048242721949512,15.88547582673064,10.587064278540167,12.05893023412613,10.957383013801461,10.810898936582312,571,48
KNN,xy,LOPO,FE (13),11.16283922384537,9.349061588990699,17.31178249345325,10.297553884183557,12.060434316044365,10.593464341382415,9.4450266578499,571,48
MLP,xy,LOPO,FE (13),11.374883814283729,11.347476015107365,17.195536300688964,10.441609453339936,12.291385372102937,10.852871986921171,10.51259573911079,571,48
CatBoost,xy,LOPO,FE (13),11.21866225597886,10.088041071238088,16.641575133276195,10.365662958737081,12.108587984276392,10.921851879687921,9.454790103198764,571,48
Extra Trees,angle,LOPO,FE (13),12.902511867768123,12.70807608657116,21.615083221017123,11.579300454654032,14.213578549263344,11.813737074478368,11.579608295849592,571,48
Random Forest,angle,LOPO,FE (13),13.771816249520883,14.398224870865096,21.693937251467144,12.465218730153792,15.046291020410065,12.661569398943941,13.113493349874975,571,48
KNN,angle,LOPO,FE (13),13.081788176712013,11.673243764442674,21.757217828932454,11.880654904378304,14.319772983162824,11.927675581904829,10.867899001165389,571,48
MLP,angle,LOPO,FE (13),12.6932772389366,13.372306894531555,21.2402381905785,11.35891401189484,14.113320410019723,11.571109655268742,12.514381359707683,571,48
CatBoost,angle,LOPO,FE (13),12.63625837837493,11.391356890047021,21.256095349197533,11.217538041713865,14.070696576033466,11.604326280880182,10.01362411862693,571,48
Extra Trees,xy,LOAO,FE (13),4.150294415850972,2.851811037692077,10.419836254937026,3.411335743397087,4.880643601489663,3.922914876679691,3.512558091474917,571,48
Random Forest,xy,LOAO,FE (13),4.303594765125036,3.058889820980319,10.350899186593184,3.56724483595624,5.038025437237584,4.0679789137368205,3.55477193980811,571,48
KNN,xy,LOAO,FE (13),3.902992886023819,1.7763568394002505e-15,12.464269922115696,2.9237989159819833,4.903774678068967,3.513230841168744,2.4638716646765633,571,48
MLP,xy,LOAO,FE (13),5.183510613029102,4.225381178815059,10.64121972709456,4.456330677501386,5.938753885141636,4.398888326373511,3.9029806875497153,571,48
CatBoost,xy,LOAO,FE (13),4.802784749694008,3.5892288094267837,11.05884179316431,4.087137540563206,5.5293375399238816,4.351726881570766,3.7111232648125427,571,48
Extra Trees,angle,LOAO,FE (13),3.6671643767730213,1.4088223363800594,11.277715719367523,2.8553477524880715,4.485422511587469,3.0186493519628343,2.3712379570486055,571,48
Random Forest,angle,LOAO,FE (13),3.893680477932269,1.6960292940989967,11.760476575071854,3.0616559558741305,4.756079241314822,3.183635061935142,2.4101679073062905,571,48
KNN,angle,LOAO,FE (13),4.001656208452923,2.5121479338940403e-15,15.556349186104047,2.9425921797823715,5.086009582642646,3.3228270140667036,1.8969956420080298,571,48
MLP,angle,LOAO,FE (13),4.697177228307833,2.857474497294596,11.851742485239308,3.896957483139731,5.507331005140843,3.653623385841538,2.96731938652255,571,48
CatBoost,angle,LOAO,FE (13),4.364218057336782,2.369660622474768,13.378106698358385,3.5751837681713026,5.170163633650411,3.5289802966632418,2.60298527462761,571,48
