method,protocol,mean_error_m,median_error_m,p90_error_m,ci_low_mean_m,ci_high_mean_m,session_mean_error_m,session_median_error_m,n,n_sessions,sensor_position_dependent
(a) Nearest centroid,LOPO,13.025234021495804,8.419035512031977,22.0,11.876588236416675,14.189658766386474,11.546849692442082,9.802268762072952,571,48,False
(b) WCL (raw),LOPO,10.80560398058344,11.047658216910229,13.742129252208276,10.133925099289273,11.43837751870369,10.745617481204585,11.069994304128478,571,48,True
(b) WCL (projected to ring),LOPO,12.885723081336653,15.32094397266286,21.968643103385894,10.836569262814285,14.849929187639374,12.253055937506387,14.922226579218702,571,48,True
(c) Trilateration (n fit per fold),LOPO,13.112645309987306,11.839820487917207,21.901791978307173,11.888049697185552,14.318698428938726,12.248367709906459,12.118475506095466,571,48,True
(c) Trilateration (fixed n=2.0),LOPO,12.330731281082171,11.44825314185531,21.42784125350378,11.034810872850814,13.626462617000016,11.693782291205926,12.383270800937652,571,48,True
(d) KNN fingerprinting,LOPO,13.125526176006483,8.419035512031977,22.0,12.052425655652495,14.207034806058843,11.54211086532299,10.401458310513188,571,48,False
(a) Nearest centroid,LOAO,3.7188810673444186,0.0,15.556349186104045,2.577253471229281,4.809012155424182,3.2033642317333832,1.9972422103602758,571,48,False
(b) WCL (raw),LOAO,10.80560398058344,11.047658216910229,13.742129252208276,10.133925099289273,11.43837751870369,10.745617481204585,11.069994304128478,571,48,True
(b) WCL (projected to ring),LOAO,12.885723081336653,15.32094397266286,21.968643103385894,10.836569262814285,14.849929187639374,12.253055937506387,14.922226579218702,571,48,True
(c) Trilateration (n fit per fold),LOAO,12.371824874012155,11.211671922444307,21.005951537600005,11.130125890092753,13.65190698347867,11.726627769843665,11.163545100531051,571,48,True
(c) Trilateration (fixed n=2.0),LOAO,12.330731281082171,11.44825314185531,21.42784125350378,11.034810872850814,13.626462617000016,11.693782291205926,12.383270800937652,571,48,True
(d) KNN fingerprinting,LOAO,3.3228483274593312,0.0,15.556349186104045,2.380196772949579,4.2920726592188645,2.938355197258885,1.923879532511287,571,48,False
