mapping,score_all,score_omni
NSEW,0.4789955029354078,0.45010300665607583
NESW,0.3928154788624645,0.3750204047650347
NEWS,0.370557063627786,0.32404515069570544
ESNW,0.17598835216154743,0.13722935922564486
NSWE,0.158893589506421,0.14731053286440676
WENS,0.15272185820743753,0.024759149827912066
WSEN,0.12832638261412754,0.08116397167644385
WNES,0.11851607836928202,0.07445517866054477
NWES,0.10178965519198853,0.10295440215332902
ENSW,0.05560254825044861,0.11184278616723646
ESWN,0.043154437260615686,0.06757632511380626
WESN,0.042146358541184224,0.00608136978540276
SENW,0.03438332737242212,0.006831313794659677
ENWS,0.03334413301577015,0.06086753209790717
SNEW,0.00017754753426662642,0.05652734262729239
WSNE,-0.05894161591392753,-0.1519754680033866
SEWN,-0.0984505875285096,-0.06282172031717892
WNSE,-0.17932741982502634,-0.17736204106179498
NWSE,-0.19605384300231984,-0.14886281756901076
EWNS,-0.20121749558187188,-0.2099192452771019
EWSN,-0.31179299524812515,-0.2285970253196112
SNWE,-0.3199243658947202,-0.24626513116437668
SWEN,-0.36721799596430715,-0.2839124688595553
SWNE,-0.5544859944923622,-0.5170519085393858
