Model,Attack Detection Pooled Acc (Base),Attack Detection Pooled Acc (FE),Attack Detection Acc Mean+-Std (Base),Attack Detection Acc Mean+-Std (FE),Attack Detection Macro F1 (Base),Attack Detection Macro F1 (FE),Attack Detection Delta Pooled Acc (FE-Base),Point Prediction Pooled Acc (Base),Point Prediction Pooled Acc (FE),Point Prediction Acc Mean+-Std (Base),Point Prediction Acc Mean+-Std (FE),Point Prediction Macro F1 (Base),Point Prediction Macro F1 (FE),Point Prediction Delta Pooled Acc (FE-Base),Antenna Prediction Pooled Acc (Base),Antenna Prediction Pooled Acc (FE),Antenna Prediction Acc Mean+-Std (Base),Antenna Prediction Acc Mean+-Std (FE),Antenna Prediction Macro F1 (Base),Antenna Prediction Macro F1 (FE),Antenna Prediction Delta Pooled Acc (FE-Base)
Logistic Regression,0.986860628812764,0.98592210229939,0.987+/-0.004,0.986+/-0.005,0.9833,0.9821,-0.0009,0.7075306479859895,0.723292469352014,0.708+/-0.158,0.725+/-0.172,0.7076,0.7235,0.0158,0.3485113835376532,0.3117338003502627,0.345+/-0.141,0.309+/-0.128,0.3212,0.2836,-0.0368
SVM (RBF),0.986391365556077,0.987329892069451,0.986+/-0.004,0.987+/-0.004,0.9827,0.9839,0.0009,0.681260945709282,0.7215411558669002,0.682+/-0.139,0.723+/-0.138,0.6881,0.7232,0.0403,0.3029772329246935,0.2942206654991243,0.299+/-0.120,0.292+/-0.076,0.2782,0.2712,-0.0088
KNN,0.988268418582825,0.987329892069451,0.988+/-0.002,0.987+/-0.002,0.985,0.9839,-0.0009,0.7180385288966725,0.7425569176882661,0.719+/-0.128,0.744+/-0.124,0.7224,0.7464,0.0245,0.2802101576182136,0.2819614711033275,0.279+/-0.054,0.281+/-0.047,0.2646,0.268,0.0018
Decision Tree,0.984045049272642,0.984045049272642,0.984+/-0.005,0.984+/-0.007,0.9796,0.9796,0.0,0.6077057793345009,0.681260945709282,0.607+/-0.103,0.682+/-0.168,0.6035,0.6825,0.0736,0.3169877408056042,0.2259194395796847,0.316+/-0.083,0.225+/-0.073,0.3023,0.2156,-0.0911
Random Forest,0.987329892069451,0.988268418582825,0.987+/-0.003,0.988+/-0.003,0.9839,0.9851,0.0009,0.702276707530648,0.7373029772329247,0.702+/-0.136,0.738+/-0.119,0.702,0.7386,0.035,0.287215411558669,0.3029772329246935,0.286+/-0.073,0.301+/-0.096,0.2731,0.2809,0.0158
Extra Trees,0.988268418582825,0.987799155326138,0.988+/-0.003,0.988+/-0.003,0.985,0.9844,-0.0005,0.7145359019264448,0.7390542907180385,0.714+/-0.118,0.741+/-0.128,0.714,0.7401,0.0245,0.3204903677758319,0.3239929947460595,0.319+/-0.104,0.321+/-0.125,0.3004,0.2974,0.0035
XGBoost,0.986391365556077,0.987329892069451,0.986+/-0.002,0.987+/-0.003,0.9826,0.9839,0.0009,0.649737302977233,0.6987740805604203,0.651+/-0.132,0.701+/-0.150,0.6516,0.7032,0.049,0.3625218914185639,0.3450087565674256,0.360+/-0.118,0.343+/-0.093,0.3511,0.3363,-0.0175
LightGBM,0.98592210229939,0.986860628812764,0.986+/-0.004,0.987+/-0.003,0.982,0.9833,0.0009,0.6882661996497373,0.702276707530648,0.690+/-0.138,0.705+/-0.136,0.6904,0.7065,0.014,0.3099824868651488,0.3134851138353765,0.308+/-0.082,0.312+/-0.073,0.2952,0.3037,0.0035
CatBoost,0.988268418582825,0.988268418582825,0.988+/-0.002,0.988+/-0.003,0.985,0.985,0.0,0.6987740805604203,0.7355516637478109,0.697+/-0.122,0.736+/-0.107,0.7006,0.7353,0.0368,0.3134851138353765,0.2837127845884413,0.311+/-0.122,0.282+/-0.103,0.2884,0.253,-0.0298
MLP,0.988268418582825,0.9868606288127639,0.988+/-0.003,0.987+/-0.005,0.9851,0.9833,-0.0014,0.6882661996497373,0.7180385288966725,0.689+/-0.142,0.719+/-0.152,0.6892,0.7221,0.0298,0.28021015761821366,0.2819614711033275,0.276+/-0.145,0.282+/-0.089,0.2415,0.2598,0.0018
Threshold (mean RSSI),,0.988268418582825,,"0.988 (OOF, no folds to average — single learned threshold)",,0.9851,,,,,,,,,,,,,,,
